<?xml version="1.0"?>
<Maths Locale="English_Germany.0" DefaultLocale="C" Id="Roll">
 <MathConstants>
  <MathConstant Name="PI" Value="3.14159265" Unit=""/>
 </MathConstants>
 <MathItems>
  <MathExpression Id="Roll Angle" DisplayUnit="deg" DisplayDPS="4" DisplayColorIndex="7" Interpolate="1" Script="(asin( (('Ride Height RF' + 'Ride Height RR' -'Ride Height LF' -'Ride Height LR') / 2)  /  ('Vehicle Width' [mm] ) )  ) * (180 / 'PI' [])" SampleRate="0" Unit="deg"/>
  <MathExpression Id="Roll F-R" DisplayUnit="deg" DisplayDPS="2" DisplayColorIndex="10" Interpolate="1" Script="abs(('SUS_TRAVEL_LF' [mm]-'SUS_TRAVEL_RF' [mm])) - abs(('SUS_TRAVEL_LR' [mm]-'SUS_TRAVEL_RR' [mm]))" SampleRate="0" Unit="deg"/>
  <MathExpression Id="Roll / G" DisplayDPS="2" DisplayColorIndex="3" Interpolate="1" Script="'Roll Angle' / 'G_LAT' [m/s2]" SampleRate="0" Unit=""/>
  <MathExpression Id="Roll rate" DisplayDPS="2" DisplayColorIndex="2" Interpolate="1" Script="derivative('Roll angle smooth')" SampleRate="0" Unit=""/>
  <MathExpression Id="Roll angle smooth" DisplayUnit="deg" DisplayDPS="2" DisplayColorIndex="5" Interpolate="1" Script="smooth('Roll Angle' [deg],0.5)" SampleRate="0" Unit="deg"/>
  <MathExpression Id="Roll rate abs" DisplayDPS="2" DisplayColorIndex="6" Interpolate="1" Script="abs('Roll rate')" SampleRate="0" Unit=""/>
  <MathExpression Id="Roll Angle abs" DisplayUnit="deg" DisplayDPS="2" DisplayColorIndex="0" Interpolate="1" Script="abs('Roll Angle' [deg])" SampleRate="0" Unit="deg"/>
 </MathItems>
</Maths>
