<?xml version="1.0"?>
<Maths Locale="German_Germany.1252" DefaultLocale="C" Id="User">
 <MathConstants>
  <MathConstant Name="Sus Travel Offset Front" Value="13.86" Unit="mm"/>
  <MathConstant Name="Sus Travel Offset Rear" Value="15.20" Unit="mm"/>
  <MathConstant Name="Vehicle Wheelbase" Value="2459" Unit="mm"/>
  <MathConstant Name="Vehicle Width" Value="1600" Unit="mm"/>
  <MathConstant Name="Wheelbase (Avg)" Value="2600" Unit="mm"/>
 </MathConstants>
 <MathItems>
  <MathExpression Id="Ride Height LF" DisplayDPS="2" DisplayColorIndex="4" Interpolate="1" Script="'Ingame RH Front' - 'SUS_TRAVEL_LF' [mm]" SampleRate="0" Unit=""/>
  <MathExpression Id="Ride Height RF" DisplayDPS="2" DisplayColorIndex="4" Interpolate="1" Script="'Ingame RH Front' - 'SUS_TRAVEL_RF' [mm]" SampleRate="0" Unit=""/>
  <MathExpression Id="Ride Height LR" DisplayDPS="2" DisplayColorIndex="4" Interpolate="1" Script="'Ingame RH Rear' - 'SUS_TRAVEL_LR' [mm] + 'Rake Offset Adjustment'" SampleRate="0" Unit=""/>
  <MathExpression Id="Ride Height RR" DisplayDPS="2" DisplayColorIndex="4" Interpolate="1" Script="'Ingame RH Rear' - 'SUS_TRAVEL_RR' [mm] + 'Rake Offset Adjustment'" SampleRate="0" Unit=""/>
  <MathExpression Id="Rake in mm" DisplayDPS="2" DisplayColorIndex="5" Interpolate="1" Script="((('Ride Height LR' + 'Ride Height RR') - ('Ride Height LF' + 'Ride Height RF')) / 2)
" SampleRate="0" Unit=""/>
  <MathExpression Id="Rake angle" DisplayDPS="2" DisplayColorIndex="6" Interpolate="1" Script="atan('Rake in mm' / 'Vehicle Wheelbase' [mm]) * (180/'PI' [])" SampleRate="0" Unit=""/>
  <MathExpression Id="Rake mean" DisplayDPS="2" DisplayColorIndex="7" Interpolate="1" Script="'Rake in mm' - stat_mean('Rake in mm')" SampleRate="0" Unit=""/>
  <MathExpression Id="Rake L-R" DisplayDPS="2" DisplayColorIndex="2" Interpolate="1" Script="('Ride Height RR'-'Ride Height RF') - ('Ride Height LR'-'Ride Height LF')" SampleRate="0" Unit=""/>
  <MathExpression Id="pitch rate" DisplayDPS="2" DisplayColorIndex="1" Interpolate="1" Script="derivative('G_LON_smooth')" SampleRate="0" Unit=""/>
  <MathExpression Id="Wheel Slip LR" DisplayDPS="2" DisplayColorIndex="1" Interpolate="1" Script="'SPEED' [km/h] - ('WHEEL_SPEED_LR' [m/s] * 3.6)" SampleRate="0" Unit=""/>
  <MathExpression Id="Wheel Slip RR" DisplayDPS="2" DisplayColorIndex="0" Interpolate="1" Script="'SPEED' [km/h] - ('WHEEL_SPEED_RR' [m/s] * 3.6)" SampleRate="0" Unit=""/>
  <MathExpression Id="zzz" DisplayDPS="2" DisplayColorIndex="2" Interpolate="1" Script="derivative(smooth('Roll Angle', 0.1))" SampleRate="0" Unit=""/>
  <MathExpression Id="yyy" DisplayDPS="2" DisplayColorIndex="5" Interpolate="1" Script="derivative(smooth('Rake angle', 0.0001))" SampleRate="0" Unit=""/>
 </MathItems>
</Maths>
