<?xml version="1.0"?>
<Maths Locale="English_Germany.0" DefaultLocale="C" Id="Differential">
 <MathConstants>
  <MathConstant Name="PI" Value="3.14159265" Unit=""/>
 </MathConstants>
 <MathItems>
  <MathExpression Id="Delta Power" DisplayUnit="km/h" DisplayDPS="2" DisplayColorIndex="9" Interpolate="1" Script="choose(('THROTTLE' [%] &gt; 0)  AND 'BRAKE' [%]  == 0, 'Wheel Speed Diff', 0)" SampleRate="0" Unit="km/h"/>
  <MathExpression Id="Wheel Speed Diff" DisplayUnit="km/h" DisplayDPS="2" DisplayColorIndex="2" Interpolate="1" Script="abs('WHEEL_SPEED_LR' [m/s] - 'WHEEL_SPEED_RR' [m/s])" SampleRate="0" Unit="km/h"/>
  <MathExpression Id="Delta Coast" DisplayUnit="km/h" DisplayDPS="2" DisplayColorIndex="8" Interpolate="1" Script="choose(('THROTTLE' [%] == 0)  OR 'BRAKE' [%]  &gt; 0, 'Wheel Speed Diff' [km/h], 0)
" SampleRate="0" Unit="km/h"/>
  <MathExpression Id="Wheel Slip LR" DisplayUnit="km/h" DisplayDPS="2" DisplayColorIndex="3" Interpolate="1" Script="'SPEED' [km/h] - ('WHEEL_SPEED_LR' [m/s] * 3.6)" SampleRate="0" Unit="km/h"/>
  <MathExpression Id="Wheel Slip RR" DisplayUnit="km/h" DisplayDPS="2" DisplayColorIndex="4" Interpolate="1" Script="'SPEED' [km/h] - ('WHEEL_SPEED_RR' [m/s] * 3.6)" SampleRate="0" Unit="km/h"/>
 </MathItems>
</Maths>
