<?xml version="1.0"?>
<Maths Locale="English_Germany.0" DefaultLocale="C" Id="Setup specific values [INSERT VALUES]">
 <MathConstants>
  <MathConstant Name="PI" Value="3.14159265" Unit=""/>
  <MathConstant Name="Wheelrate front" Value="150000" Unit="N/m"/>
  <MathConstant Name="Wheelrate rear" Value="142000" Unit="N/m"/>
 </MathConstants>
 <MathItems>
  <MathExpression Id="Ingame RH Front" DisplayUnit="mm" DisplayDPS="2" DisplayColorIndex="0" Interpolate="1" Script="50" SampleRate="0" Unit="mm"/>
  <MathExpression Id="Ingame RH Rear" DisplayUnit="mm" DisplayDPS="2" DisplayColorIndex="1" Interpolate="1" EnumerationName="" Script="70" SampleRate="0" Unit="mm"/>
  <MathExpression Id="Rake Offset Adjustment" DisplayUnit="mm" DisplayDPS="2" DisplayColorIndex="0" Interpolate="1" Script="-0.2
" SampleRate="0" Unit="mm"/>
 </MathItems>
</Maths>
