{
	"carName": "mclaren_720s_gt3",
	"basicSetup":
	{
		"tyres":
		{
			"tyreCompound": 0,
			"tyrePressure": [ 67, 66, 64, 64 ]
		},
		"alignment":
		{
			"camber": [ 0, 0, 0, 0 ],
			"toe": [ 38, 38, 25, 25 ],
			"staticCamber": [ -4.6077117919921875, -4.6081700325012207, -4.4052395820617676, -4.405238151550293 ],
			"toeOutLinear": [ 0.0016466235974803567, 0.0016466666711494327, 0.00052380119450390339, 0.00052378629334270954 ],
			"casterLF": 11,
			"casterRF": 11,
			"steerRatio": 2
		},
		"electronics":
		{
			"tC1": 1,
			"tC2": 6,
			"abs": 3,
			"eCUMap": 0,
			"fuelMix": 0,
			"telemetryLaps": 25
		},
		"strategy":
		{
			"fuel": 43,
			"nPitStops": 0,
			"tyreSet": 4,
			"frontBrakePadCompound": 0,
			"rearBrakePadCompound": 0,
			"pitStrategy": [
				{
					"fuelToAdd": 0,
					"tyres":
					{
						"tyreCompound": 0,
						"tyrePressure": [ 56, 63, 50, 57 ]
					},
					"tyreSet": 2,
					"frontBrakePadCompound": 1,
					"rearBrakePadCompound": 1
				}
			],
			"fuelPerLap": 3.2000000476837158
		}
	},
	"advancedSetup":
	{
		"mechanicalBalance":
		{
			"aRBFront": 6,
			"aRBRear": 8,
			"wheelRate": [ 4, 4, 3, 3 ],
			"bumpStopRateUp": [ 6, 6, 2, 2 ],
			"bumpStopRateDn": [ 0, 0, 10, 10 ],
			"bumpStopWindow": [ 0, 0, 55, 55 ],
			"brakeTorque": 20,
			"brakeBias": 36
		},
		"dampers":
		{
			"bumpSlow": [ 26, 26, 30, 30 ],
			"bumpFast": [ 24, 24, 8, 8 ],
			"reboundSlow": [ 16, 16, 30, 30 ],
			"reboundFast": [ 10, 10, 8, 8 ]
		},
		"aeroBalance":
		{
			"rideHeight": [ 5, 6, 10, 18 ],
			"rodLength": [ 60.791873931884766, 60.791873931884766, 40.762466430664063, 40.762466430664063 ],
			"splitter": 0,
			"rearWing": 7,
			"brakeDuct": [ 3, 3 ]
		},
		"drivetrain":
		{
			"preload": 6
		}
	},
	"trackBopType": 27
}