{
	"carName": "mclaren_720s_gt3",
	"basicSetup":
	{
		"tyres":
		{
			"tyreCompound": 0,
			"tyrePressure": [ 65, 65, 63, 63 ]
		},
		"alignment":
		{
			"camber": [ 0, 0, 0, 0 ],
			"toe": [ 38, 38, 25, 25 ],
			"staticCamber": [ -4.6080350875854492, -4.608034610748291, -4.4647316932678223, -4.4647040367126465 ],
			"toeOutLinear": [ 0.0016436662990599871, 0.001643525087274611, 0.00053541467059403658, 0.0005353987799026072 ],
			"casterLF": 11,
			"casterRF": 11,
			"steerRatio": 2
		},
		"electronics":
		{
			"tC1": 1,
			"tC2": 6,
			"abs": 3,
			"eCUMap": 0,
			"fuelMix": 0,
			"telemetryLaps": 25
		},
		"strategy":
		{
			"fuel": 0,
			"nPitStops": 0,
			"tyreSet": 6,
			"frontBrakePadCompound": 0,
			"rearBrakePadCompound": 0,
			"pitStrategy": [
				{
					"fuelToAdd": 0,
					"tyres":
					{
						"tyreCompound": 0,
						"tyrePressure": [ 65, 65, 63, 63 ]
					},
					"tyreSet": 2,
					"frontBrakePadCompound": 1,
					"rearBrakePadCompound": 1
				}
			],
			"fuelPerLap": 3.2000000476837158
		}
	},
	"advancedSetup":
	{
		"mechanicalBalance":
		{
			"aRBFront": 9,
			"aRBRear": 6,
			"wheelRate": [ 4, 4, 4, 4 ],
			"bumpStopRateUp": [ 8, 8, 3, 3 ],
			"bumpStopRateDn": [ 0, 0, 10, 10 ],
			"bumpStopWindow": [ 0, 0, 45, 45 ],
			"brakeTorque": 20,
			"brakeBias": 36
		},
		"dampers":
		{
			"bumpSlow": [ 22, 22, 31, 31 ],
			"bumpFast": [ 28, 26, 10, 10 ],
			"reboundSlow": [ 20, 20, 28, 28 ],
			"reboundFast": [ 14, 14, 10, 10 ]
		},
		"aeroBalance":
		{
			"rideHeight": [ 5, 6, 12, 18 ],
			"rodLength": [ 60.364715576171875, 60.364715576171875, 40.418910980224609, 40.418910980224609 ],
			"splitter": 0,
			"rearWing": 7,
			"brakeDuct": [ 3, 3 ]
		},
		"drivetrain":
		{
			"preload": 4
		}
	},
	"trackBopType": 27
}