{
	"carName": "mclaren_720s_gt3",
	"basicSetup":
	{
		"tyres":
		{
			"tyreCompound": 0,
			"tyrePressure": [ 59, 69, 54, 63 ]
		},
		"alignment":
		{
			"camber": [ 0, 0, 0, 0 ],
			"toe": [ 34, 34, 28, 28 ],
			"staticCamber": [ -4.6141386032104492, -4.609710693359375, -4.4111576080322266, -4.4043397903442383 ],
			"toeOutLinear": [ 0.001690325909294188, 0.001690384466201067, 0.0005920067778788507, 0.00059190037427470088 ],
			"casterLF": 11,
			"casterRF": 11,
			"steerRatio": 2
		},
		"electronics":
		{
			"tC1": 2,
			"tC2": 6,
			"abs": 4,
			"eCUMap": 0,
			"fuelMix": 0,
			"telemetryLaps": 30
		},
		"strategy":
		{
			"fuel": 40,
			"nPitStops": 0,
			"tyreSet": 1,
			"frontBrakePadCompound": 0,
			"rearBrakePadCompound": 0,
			"pitStrategy": [
				{
					"fuelToAdd": 0,
					"tyres":
					{
						"tyreCompound": 0,
						"tyrePressure": [ 50, 56, 43, 50 ]
					},
					"tyreSet": 2,
					"frontBrakePadCompound": 1,
					"rearBrakePadCompound": 1
				}
			],
			"fuelPerLap": 3.1959896087646484
		}
	},
	"advancedSetup":
	{
		"mechanicalBalance":
		{
			"aRBFront": 5,
			"aRBRear": 3,
			"wheelRate": [ 3, 3, 5, 5 ],
			"bumpStopRateUp": [ 6, 6, 2, 2 ],
			"bumpStopRateDn": [ 0, 0, 10, 10 ],
			"bumpStopWindow": [ 0, 0, 50, 50 ],
			"brakeTorque": 20,
			"brakeBias": 46
		},
		"dampers":
		{
			"bumpSlow": [ 30, 30, 24, 24 ],
			"bumpFast": [ 14, 14, 15, 15 ],
			"reboundSlow": [ 18, 18, 32, 32 ],
			"reboundFast": [ 16, 16, 10, 10 ]
		},
		"aeroBalance":
		{
			"rideHeight": [ 4, 6, 10, 18 ],
			"rodLength": [ 61.083831787109375, 61.083831787109375, 38.141506195068359, 38.141506195068359 ],
			"splitter": 0,
			"rearWing": 4,
			"brakeDuct": [ 2, 2 ]
		},
		"drivetrain":
		{
			"preload": 5
		}
	},
	"trackBopType": 27
}