{
	"carName": "mclaren_720s_gt3",
	"basicSetup":
	{
		"tyres":
		{
			"tyreCompound": 0,
			"tyrePressure": [ 57, 64, 58, 63 ]
		},
		"alignment":
		{
			"camber": [ 0, 0, 2, 2 ],
			"toe": [ 38, 38, 23, 23 ],
			"staticCamber": [ -4.6063313484191895, -4.6031594276428223, -4.1037826538085938, -4.0995960235595703 ],
			"toeOutLinear": [ 0.0015420456184074283, 0.0015420869458466768, 0.00045776489423587918, 0.00045773704187013209 ],
			"casterLF": 11,
			"casterRF": 11,
			"steerRatio": 2
		},
		"electronics":
		{
			"tC1": 2,
			"tC2": 6,
			"abs": 3,
			"eCUMap": 0,
			"fuelMix": 0,
			"telemetryLaps": 5
		},
		"strategy":
		{
			"fuel": 46,
			"nPitStops": 0,
			"tyreSet": 1,
			"frontBrakePadCompound": 0,
			"rearBrakePadCompound": 0,
			"pitStrategy": [
				{
					"fuelToAdd": 0,
					"tyres":
					{
						"tyreCompound": 0,
						"tyrePressure": [ 57, 65, 56, 63 ]
					},
					"tyreSet": 2,
					"frontBrakePadCompound": 1,
					"rearBrakePadCompound": 1
				}
			],
			"fuelPerLap": 3.5499999523162842
		}
	},
	"advancedSetup":
	{
		"mechanicalBalance":
		{
			"aRBFront": 10,
			"aRBRear": 6,
			"wheelRate": [ 4, 4, 6, 6 ],
			"bumpStopRateUp": [ 7, 7, 2, 2 ],
			"bumpStopRateDn": [ 0, 0, 10, 10 ],
			"bumpStopWindow": [ 1, 1, 46, 46 ],
			"brakeTorque": 20,
			"brakeBias": 46
		},
		"dampers":
		{
			"bumpSlow": [ 31, 31, 31, 31 ],
			"bumpFast": [ 13, 13, 20, 20 ],
			"reboundSlow": [ 32, 32, 33, 33 ],
			"reboundFast": [ 13, 13, 19, 19 ]
		},
		"aeroBalance":
		{
			"rideHeight": [ 0, 6, 7, 18 ],
			"rodLength": [ 56.118152618408203, 56.118152618408203, 34.260974884033203, 34.260974884033203 ],
			"splitter": 0,
			"rearWing": 6,
			"brakeDuct": [ 2, 2 ]
		},
		"drivetrain":
		{
			"preload": 2
		}
	},
	"trackBopType": 27
}